[{"@type":"mappingTemplate","id":"@1","name":"m_TOTAL_VENDAS_PRODUTO_ELO","description":"","bundleVersion":"0","templateId":"@3","deployTime":1599765228000,"hasParameters":false,"valid":true,"fixedConnection":true,"hasParametersDeployed":false,"fixedConnectionDeployed":true,"tasks":0,"mappingPreviewFileRecordId":"@2","documentType":"","references":[{"@type":"reference","refObjectId":"@lGtlPwDaziqfK3XNvgNA44","refType":"connection"},{"@type":"reference","refObjectId":"@3YqOVkOnMkdjmIXpJLXu8B","refType":"connection"}]}]