[{"@type":"dssTask","id":"@1","name":"st_LISTA_PRODUTOS","description":"","maxLogs":10,"sourceConnectionId":"@lGtlPwDaziqfK3XNvgNA44","targetConnectionId":"@1BbSY2VdOeEgzVrNT1uCM7","targetObject":"PRODUCT.csv","operation":"Insert","maxRows":0,"truncateTarget":false,"bulkApiDBTarget":false,"verbose":false,"tgtFlatFileAttrs":{"@type":"flatFileAttrs","id":19684930,"delimiter":",","textQualifier":"\"","escapeChar":"","headerLineNo":1,"firstDataRow":2},"targetMetadataUpdated":false,"modelVersion":"V3-R600","queryAll":false,"srcSettings":{"@type":"taskDataSourceSetting","isShowLabels":false,"isNaturalOrder":true},"tgtSettings":{"@type":"taskDataSourceSetting","isShowLabels":false,"isNaturalOrder":true},"cfSettings":{"@type":"taskDataSourceSetting","isShowLabels":false,"isNaturalOrder":false},"bulkApi":false,"bulkApiSerialMode":false,"bulkApiMonitor":false,"isTargetObjectSfCustom":false,"allowNullUpdates":false,"targetBatchSize":200,"assignmentRuleId":"-1","assignmentRuleType":"None","createSuccessFile":false,"bulkApiHardDelete":false,"srcRuntimeAttrs":{"@type":"taskRuntimeAttrs","attrs":{}},"tgtRuntimeAttrs":{"@type":"taskRuntimeAttrs","attrs":{}},"parameterFileEncoding":"UTF-8","sourceObjects":[{"@type":"mObject","name":"PRODUCT","label":"PRODUCT","metadataUpdated":false,"relations":[],"children":[]}],"advancedFilters":[],"filters":[],"fieldMaps":[{"@type":"fieldMap","id":"24870640","targetField":{"@type":"field","id":68149819,"name":"PROD_ID","type":"number","uniqueName":"PROD_ID","label":"PROD_ID","parentObject":"PRODUCT.csv","pcType":"HIPRECDECIMAL","precision":10,"scale":0,"columnIndex":0,"isKey":false,"isExternalId":false,"isSfIdLookup":false,"isNullable":true,"isUnique":false,"isCreateable":false,"isUpdateable":true,"isFilterable":true,"isCalculated":false,"showLabel":false,"naturalOrder":0,"linkedFields":["PROD_ID"],"relatedInfos":[],"references":[]},"expression":"PROD_ID"},{"@type":"fieldMap","id":"24870643","targetField":{"@type":"field","id":68149822,"name":"BRAND","type":"nstring","uniqueName":"BRAND","label":"BRAND","parentObject":"PRODUCT.csv","pcType":"UNISTRING","precision":255,"scale":0,"columnIndex":1,"isKey":false,"isExternalId":false,"isSfIdLookup":false,"isNullable":true,"isUnique":false,"isCreateable":false,"isUpdateable":true,"isFilterable":true,"isCalculated":false,"showLabel":false,"naturalOrder":0,"linkedFields":["BRAND"],"relatedInfos":[],"references":[]},"expression":" Upper(BRAND) "},{"@type":"fieldMap","id":"24870646","targetField":{"@type":"field","id":68149825,"name":"DESCRIPTION","type":"nstring","uniqueName":"DESCRIPTION","label":"DESCRIPTION","parentObject":"PRODUCT.csv","pcType":"UNISTRING","precision":255,"scale":0,"columnIndex":2,"isKey":false,"isExternalId":false,"isSfIdLookup":false,"isNullable":true,"isUnique":false,"isCreateable":false,"isUpdateable":true,"isFilterable":true,"isCalculated":false,"showLabel":false,"naturalOrder":0,"linkedFields":["DESCRIPTION"],"relatedInfos":[],"references":[]},"expression":"DESCRIPTION"},{"@type":"fieldMap","id":"24870649","targetField":{"@type":"field","id":68149828,"name":"PRICE","type":"number","uniqueName":"PRICE","label":"PRICE","parentObject":"PRODUCT.csv","pcType":"HIPRECDECIMAL","precision":10,"scale":2,"columnIndex":3,"isKey":false,"isExternalId":false,"isSfIdLookup":false,"isNullable":true,"isUnique":false,"isCreateable":false,"isUpdateable":true,"isFilterable":true,"isCalculated":false,"showLabel":false,"naturalOrder":0,"linkedFields":["PRICE"],"relatedInfos":[],"references":[]},"expression":"PRICE"}],"sourceFields":[{"@type":"field","id":68149831,"name":"PROD_ID","type":"numeric","uniqueName":"PROD_ID","label":"PROD_ID","parentObject":"PRODUCT","pcType":"HIPRECDECIMAL","precision":10,"scale":0,"columnIndex":0,"isKey":false,"isExternalId":false,"isSfIdLookup":false,"isNullable":true,"isUnique":false,"isCreateable":false,"isUpdateable":true,"isFilterable":true,"isCalculated":false,"showLabel":false,"naturalOrder":0,"linkedFields":["PROD_ID"],"relatedInfos":[],"references":[]},{"@type":"field","id":68149834,"name":"BRAND","type":"varchar","uniqueName":"BRAND","label":"BRAND","parentObject":"PRODUCT","pcType":"STRING","precision":255,"scale":0,"columnIndex":1,"isKey":false,"isExternalId":false,"isSfIdLookup":false,"isNullable":true,"isUnique":false,"isCreateable":false,"isUpdateable":true,"isFilterable":true,"isCalculated":false,"showLabel":false,"naturalOrder":1,"linkedFields":["BRAND"],"relatedInfos":[],"references":[]},{"@type":"field","id":68149837,"name":"DESCRIPTION","type":"varchar","uniqueName":"DESCRIPTION","label":"DESCRIPTION","parentObject":"PRODUCT","pcType":"STRING","precision":255,"scale":0,"columnIndex":2,"isKey":false,"isExternalId":false,"isSfIdLookup":false,"isNullable":true,"isUnique":false,"isCreateable":false,"isUpdateable":true,"isFilterable":true,"isCalculated":false,"showLabel":false,"naturalOrder":2,"linkedFields":["DESCRIPTION"],"relatedInfos":[],"references":[]},{"@type":"field","id":68149840,"name":"PRICE","type":"decimal","uniqueName":"PRICE","label":"PRICE","parentObject":"PRODUCT","pcType":"HIPRECDECIMAL","precision":10,"scale":2,"columnIndex":3,"isKey":false,"isExternalId":false,"isSfIdLookup":false,"isNullable":true,"isUnique":false,"isCreateable":false,"isUpdateable":true,"isFilterable":true,"isCalculated":false,"showLabel":false,"naturalOrder":3,"linkedFields":["PRICE"],"relatedInfos":[],"references":[]}],"sortFields":[],"groupFields":[]}]