[{"@type":"schedule","id":"@2","name":"Denver_Plataforma_csm_OI_7mnjtTxQSiQdLEzMlNRCgE","description":"System generated scheduler for Operational Insights for domain Denver_Plataforma and collector csm.","startTime":"2018-03-28T19:10:30.000Z","endTime":"2020-09-09T16:00:30.000Z","startTimeUTC":"2018-03-28T23:10:30.000Z","endTimeUTC":"2020-09-09T20:00:30.000Z","interval":"Daily","frequency":1,"mon":false,"tue":false,"wed":false,"thu":false,"fri":false,"sat":false,"sun":false,"weekDay":false,"dayOfMonth":0,"timeZoneId":"America/Buenos_Aires"}]