[{"@type":"dssTask","id":"@1","name":"ST_H2_CUSTOMER","description":"","maxLogs":10,"sourceConnectionId":"@lGtlPwDaziqfK3XNvgNA44","targetConnectionId":"@6Y26qmFRBsAd80WbOQs9So","targetObject":"CLIENTE2","targetObjectLabel":"CLIENTE2","operation":"Insert","maxRows":0,"truncateTarget":false,"bulkApiDBTarget":false,"verbose":false,"targetMetadataUpdated":false,"modelVersion":"V3-R600","queryAll":false,"srcSettings":{"@type":"taskDataSourceSetting","isShowLabels":false,"isNaturalOrder":true},"tgtSettings":{"@type":"taskDataSourceSetting","isShowLabels":true,"isNaturalOrder":true},"cfSettings":{"@type":"taskDataSourceSetting","isShowLabels":false,"isNaturalOrder":false},"bulkApi":false,"bulkApiSerialMode":false,"bulkApiMonitor":false,"isTargetObjectSfCustom":false,"allowNullUpdates":false,"targetBatchSize":200,"assignmentRuleId":"-1","assignmentRuleType":"None","createSuccessFile":false,"bulkApiHardDelete":false,"srcRuntimeAttrs":{"@type":"taskRuntimeAttrs","attrs":{}},"tgtRuntimeAttrs":{"@type":"taskRuntimeAttrs","attrs":{}},"parameterFileEncoding":"UTF-8","sourceObjects":[{"@type":"mObject","name":"CUSTOMER","label":"CUSTOMER","metadataUpdated":false,"relations":[],"children":[]}],"advancedFilters":[],"filters":[],"fieldMaps":[{"@type":"fieldMap","id":"22844776","targetField":{"@type":"field","id":62373136,"name":"ID","type":"varchar","uniqueName":"ID","label":"ID","parentObject":"CLIENTE2","pcType":"NSTRING","precision":255,"scale":0,"columnIndex":-1,"isKey":false,"isExternalId":false,"isSfIdLookup":false,"isNullable":true,"isUnique":false,"isCreateable":false,"isUpdateable":true,"isFilterable":true,"isCalculated":false,"javaType":"java.lang.String","showLabel":true,"naturalOrder":0,"linkedFields":["PHONE"],"relatedInfos":[],"references":[]},"expression":"PHONE"},{"@type":"fieldMap","id":"22844779","targetField":{"@type":"field","id":62373139,"name":"NOME","type":"varchar","uniqueName":"NOME","label":"NOME","parentObject":"CLIENTE2","pcType":"NSTRING","precision":255,"scale":0,"columnIndex":-1,"isKey":false,"isExternalId":false,"isSfIdLookup":false,"isNullable":true,"isUnique":false,"isCreateable":false,"isUpdateable":true,"isFilterable":true,"isCalculated":false,"javaType":"java.lang.String","showLabel":true,"naturalOrder":1,"linkedFields":["NAME"],"relatedInfos":[],"references":[]},"expression":"NAME"}],"sourceFields":[{"@type":"field","id":62372986,"name":"CUSTOMER_ID","type":"numeric","uniqueName":"CUSTOMER_ID","label":"CUSTOMER_ID","parentObject":"CUSTOMER","pcType":"HIPRECDECIMAL","precision":10,"scale":0,"columnIndex":0,"isKey":false,"isExternalId":false,"isSfIdLookup":false,"isNullable":true,"isUnique":false,"isCreateable":false,"isUpdateable":true,"isFilterable":true,"isCalculated":false,"showLabel":false,"naturalOrder":0,"linkedFields":[],"relatedInfos":[],"references":[]},{"@type":"field","id":62372989,"name":"NAME","type":"varchar","uniqueName":"NAME","label":"NAME","parentObject":"CUSTOMER","pcType":"STRING","precision":60,"scale":0,"columnIndex":1,"isKey":false,"isExternalId":false,"isSfIdLookup":false,"isNullable":true,"isUnique":false,"isCreateable":false,"isUpdateable":true,"isFilterable":true,"isCalculated":false,"showLabel":false,"naturalOrder":1,"linkedFields":["NOME"],"relatedInfos":[],"references":[]},{"@type":"field","id":62372992,"name":"ADDRESS","type":"varchar","uniqueName":"ADDRESS","label":"ADDRESS","parentObject":"CUSTOMER","pcType":"STRING","precision":60,"scale":0,"columnIndex":2,"isKey":false,"isExternalId":false,"isSfIdLookup":false,"isNullable":true,"isUnique":false,"isCreateable":false,"isUpdateable":true,"isFilterable":true,"isCalculated":false,"showLabel":false,"naturalOrder":2,"linkedFields":[],"relatedInfos":[],"references":[]},{"@type":"field","id":62372995,"name":"ADDRESS2","type":"varchar","uniqueName":"ADDRESS2","label":"ADDRESS2","parentObject":"CUSTOMER","pcType":"STRING","precision":60,"scale":0,"columnIndex":3,"isKey":false,"isExternalId":false,"isSfIdLookup":false,"isNullable":true,"isUnique":false,"isCreateable":false,"isUpdateable":true,"isFilterable":true,"isCalculated":false,"showLabel":false,"naturalOrder":3,"linkedFields":[],"relatedInfos":[],"references":[]},{"@type":"field","id":62372998,"name":"CITY","type":"varchar","uniqueName":"CITY","label":"CITY","parentObject":"CUSTOMER","pcType":"STRING","precision":30,"scale":0,"columnIndex":4,"isKey":false,"isExternalId":false,"isSfIdLookup":false,"isNullable":true,"isUnique":false,"isCreateable":false,"isUpdateable":true,"isFilterable":true,"isCalculated":false,"showLabel":false,"naturalOrder":4,"linkedFields":[],"relatedInfos":[],"references":[]},{"@type":"field","id":62373001,"name":"STATE","type":"varchar","uniqueName":"STATE","label":"STATE","parentObject":"CUSTOMER","pcType":"STRING","precision":20,"scale":0,"columnIndex":5,"isKey":false,"isExternalId":false,"isSfIdLookup":false,"isNullable":true,"isUnique":false,"isCreateable":false,"isUpdateable":true,"isFilterable":true,"isCalculated":false,"showLabel":false,"naturalOrder":5,"linkedFields":[],"relatedInfos":[],"references":[]},{"@type":"field","id":62373004,"name":"ZIPCODE","type":"varchar","uniqueName":"ZIPCODE","label":"ZIPCODE","parentObject":"CUSTOMER","pcType":"STRING","precision":20,"scale":0,"columnIndex":6,"isKey":false,"isExternalId":false,"isSfIdLookup":false,"isNullable":true,"isUnique":false,"isCreateable":false,"isUpdateable":true,"isFilterable":true,"isCalculated":false,"showLabel":false,"naturalOrder":6,"linkedFields":[],"relatedInfos":[],"references":[]},{"@type":"field","id":62373007,"name":"COUNTRY","type":"varchar","uniqueName":"COUNTRY","label":"COUNTRY","parentObject":"CUSTOMER","pcType":"STRING","precision":20,"scale":0,"columnIndex":7,"isKey":false,"isExternalId":false,"isSfIdLookup":false,"isNullable":true,"isUnique":false,"isCreateable":false,"isUpdateable":true,"isFilterable":true,"isCalculated":false,"showLabel":false,"naturalOrder":7,"linkedFields":[],"relatedInfos":[],"references":[]},{"@type":"field","id":62373010,"name":"PHONE","type":"varchar","uniqueName":"PHONE","label":"PHONE","parentObject":"CUSTOMER","pcType":"STRING","precision":40,"scale":0,"columnIndex":8,"isKey":false,"isExternalId":false,"isSfIdLookup":false,"isNullable":true,"isUnique":false,"isCreateable":false,"isUpdateable":true,"isFilterable":true,"isCalculated":false,"showLabel":false,"naturalOrder":8,"linkedFields":["ID"],"relatedInfos":[],"references":[]},{"@type":"field","id":62373013,"name":"EMAIL","type":"varchar","uniqueName":"EMAIL","label":"EMAIL","parentObject":"CUSTOMER","pcType":"STRING","precision":80,"scale":0,"columnIndex":9,"isKey":false,"isExternalId":false,"isSfIdLookup":false,"isNullable":true,"isUnique":false,"isCreateable":false,"isUpdateable":true,"isFilterable":true,"isCalculated":false,"showLabel":false,"naturalOrder":9,"linkedFields":[],"relatedInfos":[],"references":[]},{"@type":"field","id":62373016,"name":"STATUS","type":"varchar","uniqueName":"STATUS","label":"STATUS","parentObject":"CUSTOMER","pcType":"STRING","precision":20,"scale":0,"columnIndex":10,"isKey":false,"isExternalId":false,"isSfIdLookup":false,"isNullable":true,"isUnique":false,"isCreateable":false,"isUpdateable":true,"isFilterable":true,"isCalculated":false,"showLabel":false,"naturalOrder":10,"linkedFields":[],"relatedInfos":[],"references":[]},{"@type":"field","id":62373019,"name":"TIER","type":"numeric","uniqueName":"TIER","label":"TIER","parentObject":"CUSTOMER","pcType":"HIPRECDECIMAL","precision":10,"scale":0,"columnIndex":11,"isKey":false,"isExternalId":false,"isSfIdLookup":false,"isNullable":true,"isUnique":false,"isCreateable":false,"isUpdateable":true,"isFilterable":true,"isCalculated":false,"showLabel":false,"naturalOrder":11,"linkedFields":[],"relatedInfos":[],"references":[]},{"@type":"field","id":62373022,"name":"GENDER","type":"varchar","uniqueName":"GENDER","label":"GENDER","parentObject":"CUSTOMER","pcType":"STRING","precision":20,"scale":0,"columnIndex":12,"isKey":false,"isExternalId":false,"isSfIdLookup":false,"isNullable":true,"isUnique":false,"isCreateable":false,"isUpdateable":true,"isFilterable":true,"isCalculated":false,"showLabel":false,"naturalOrder":12,"linkedFields":[],"relatedInfos":[],"references":[]},{"@type":"field","id":62373025,"name":"DOB","type":"timestamp","uniqueName":"DOB","label":"DOB","parentObject":"CUSTOMER","pcType":"DATE","precision":23,"scale":3,"columnIndex":13,"isKey":false,"isExternalId":false,"isSfIdLookup":false,"isNullable":true,"isUnique":false,"isCreateable":false,"isUpdateable":true,"isFilterable":true,"isCalculated":false,"showLabel":false,"naturalOrder":13,"linkedFields":[],"relatedInfos":[],"references":[]},{"@type":"field","id":62373028,"name":"CC_TYPE","type":"varchar","uniqueName":"CC_TYPE","label":"CC_TYPE","parentObject":"CUSTOMER","pcType":"STRING","precision":20,"scale":0,"columnIndex":14,"isKey":false,"isExternalId":false,"isSfIdLookup":false,"isNullable":true,"isUnique":false,"isCreateable":false,"isUpdateable":true,"isFilterable":true,"isCalculated":false,"showLabel":false,"naturalOrder":14,"linkedFields":[],"relatedInfos":[],"references":[]},{"@type":"field","id":62373031,"name":"CC_NUM","type":"varchar","uniqueName":"CC_NUM","label":"CC_NUM","parentObject":"CUSTOMER","pcType":"STRING","precision":20,"scale":0,"columnIndex":15,"isKey":false,"isExternalId":false,"isSfIdLookup":false,"isNullable":true,"isUnique":false,"isCreateable":false,"isUpdateable":true,"isFilterable":true,"isCalculated":false,"showLabel":false,"naturalOrder":15,"linkedFields":[],"relatedInfos":[],"references":[]},{"@type":"field","id":62373034,"name":"CC_EXP_DT","type":"timestamp","uniqueName":"CC_EXP_DT","label":"CC_EXP_DT","parentObject":"CUSTOMER","pcType":"DATE","precision":23,"scale":3,"columnIndex":16,"isKey":false,"isExternalId":false,"isSfIdLookup":false,"isNullable":true,"isUnique":false,"isCreateable":false,"isUpdateable":true,"isFilterable":true,"isCalculated":false,"showLabel":false,"naturalOrder":16,"linkedFields":[],"relatedInfos":[],"references":[]},{"@type":"field","id":62373037,"name":"ORG_ID","type":"numeric","uniqueName":"ORG_ID","label":"ORG_ID","parentObject":"CUSTOMER","pcType":"HIPRECDECIMAL","precision":10,"scale":0,"columnIndex":17,"isKey":false,"isExternalId":false,"isSfIdLookup":false,"isNullable":true,"isUnique":false,"isCreateable":false,"isUpdateable":true,"isFilterable":true,"isCalculated":false,"showLabel":false,"naturalOrder":17,"linkedFields":[],"relatedInfos":[],"references":[]}],"sortFields":[],"groupFields":[]}]