[{"@type":"mappingTemplate","id":"@1","name":"Mapping2","description":"","bundleVersion":"0","templateId":"@3","deployTime":1599609184000,"hasParameters":false,"valid":true,"fixedConnection":true,"hasParametersDeployed":false,"fixedConnectionDeployed":true,"tasks":0,"mappingPreviewFileRecordId":"@2","documentType":"","references":[{"@type":"reference","refObjectId":"@lGtlPwDaziqfK3XNvgNA44","refType":"connection"},{"@type":"reference","refObjectId":"@6EegSEzE9lygAdFPFA8GmW","refType":"connection"}]}]