[{"@type":"mappingTemplate","id":"@1","name":"Mapping1","description":"","bundleVersion":"0","templateId":"@3","deployTime":1596676804000,"hasParameters":false,"valid":true,"fixedConnection":true,"hasParametersDeployed":false,"fixedConnectionDeployed":true,"tasks":0,"mappingPreviewFileRecordId":"@2","documentType":"","references":[{"@type":"reference","refObjectId":"@1BbSY2VdOeEgzVrNT1uCM7","refType":"connection"},{"@type":"reference","refObjectId":"@1rK4dnxqo08hN8x8cAsEQw","refType":"structureDefinition"}]}]