[{"@type":"mappingTemplate","id":"@1","name":"m_MelhoriaIndicadoresAdocao_CPF_Valido","description":"","autoExpireObject":false,"bundleVersion":"0","assetFrsGuid":"1dnyenDRPmfkHdHjBPlcMx","templateId":"@3","deployTime":1727356492000,"hasParameters":false,"valid":true,"fixedConnection":true,"hasParametersDeployed":false,"fixedConnectionDeployed":true,"isSchemaValidationEnabled":false,"tasks":1,"mappingPreviewFileRecordId":"@2","documentType":"MAPPING","references":[{"@type":"reference","refObjectId":"@aq8w7IdfRqRbEiOTrVPBMt","refType":"connection"},{"@type":"reference","refObjectId":"@0N5iLpK9SG5jBucOobe2Mv","refType":"frsDocument"}]}]