[{"@type":"dssTask","id":"@1","name":"st_CARGA_ORDERS","description":"","maxLogs":10,"sourceConnectionId":"@lGtlPwDaziqfK3XNvgNA44","targetConnectionId":"@1BbSY2VdOeEgzVrNT1uCM7","targetObject":"ORDERS_ELO.csv","operation":"Insert","maxRows":0,"truncateTarget":false,"bulkApiDBTarget":false,"verbose":false,"tgtFlatFileAttrs":{"@type":"flatFileAttrs","id":17288221,"delimiter":",","textQualifier":"\"","escapeChar":"","headerLineNo":1,"firstDataRow":2},"targetMetadataUpdated":false,"modelVersion":"V3-R600","queryAll":false,"srcSettings":{"@type":"taskDataSourceSetting","isShowLabels":false,"isNaturalOrder":true},"tgtSettings":{"@type":"taskDataSourceSetting","isShowLabels":false,"isNaturalOrder":true},"cfSettings":{"@type":"taskDataSourceSetting","isShowLabels":false,"isNaturalOrder":false},"bulkApi":false,"bulkApiSerialMode":false,"bulkApiMonitor":false,"isTargetObjectSfCustom":false,"allowNullUpdates":false,"targetBatchSize":200,"assignmentRuleId":"-1","assignmentRuleType":"None","createSuccessFile":false,"bulkApiHardDelete":false,"srcRuntimeAttrs":{"@type":"taskRuntimeAttrs","attrs":{}},"tgtRuntimeAttrs":{"@type":"taskRuntimeAttrs","attrs":{}},"parameterFileEncoding":"UTF-8","sourceObjects":[{"@type":"mObject","name":"ORDERS","label":"ORDERS","metadataUpdated":false,"relations":[],"children":[]}],"advancedFilters":[],"filters":[],"fieldMaps":[{"@type":"fieldMap","id":"22869838","targetField":{"@type":"field","id":62422012,"name":"ORDER_ID","type":"number","uniqueName":"ORDER_ID","label":"ORDER_ID","parentObject":"ORDERS_ELO.csv","pcType":"HIPRECDECIMAL","precision":10,"scale":0,"columnIndex":0,"isKey":false,"isExternalId":false,"isSfIdLookup":false,"isNullable":true,"isUnique":false,"isCreateable":false,"isUpdateable":true,"isFilterable":true,"isCalculated":false,"showLabel":false,"naturalOrder":0,"linkedFields":["ORDER_ID"],"relatedInfos":[],"references":[]},"expression":"ORDER_ID"},{"@type":"fieldMap","id":"22869841","targetField":{"@type":"field","id":62422015,"name":"CUSTOMER_ID","type":"number","uniqueName":"CUSTOMER_ID","label":"CUSTOMER_ID","parentObject":"ORDERS_ELO.csv","pcType":"HIPRECDECIMAL","precision":10,"scale":0,"columnIndex":1,"isKey":false,"isExternalId":false,"isSfIdLookup":false,"isNullable":true,"isUnique":false,"isCreateable":false,"isUpdateable":true,"isFilterable":true,"isCalculated":false,"showLabel":false,"naturalOrder":0,"linkedFields":["CUSTOMER_ID"],"relatedInfos":[],"references":[]},"expression":"CUSTOMER_ID"},{"@type":"fieldMap","id":"22869844","targetField":{"@type":"field","id":62422018,"name":"ORDER_DATETIME","type":"datetime","uniqueName":"ORDER_DATETIME","label":"ORDER_DATETIME","parentObject":"ORDERS_ELO.csv","pcType":"DATE","precision":19,"scale":0,"columnIndex":2,"isKey":false,"isExternalId":false,"isSfIdLookup":false,"isNullable":true,"isUnique":false,"isCreateable":false,"isUpdateable":true,"isFilterable":true,"isCalculated":false,"showLabel":false,"naturalOrder":0,"linkedFields":["ORDER_DATETIME"],"relatedInfos":[],"references":[]},"expression":"ORDER_DATETIME"},{"@type":"fieldMap","id":"22869847","targetField":{"@type":"field","id":62422021,"name":"SHIP_DATETIME","type":"datetime","uniqueName":"SHIP_DATETIME","label":"SHIP_DATETIME","parentObject":"ORDERS_ELO.csv","pcType":"DATE","precision":19,"scale":0,"columnIndex":3,"isKey":false,"isExternalId":false,"isSfIdLookup":false,"isNullable":true,"isUnique":false,"isCreateable":false,"isUpdateable":true,"isFilterable":true,"isCalculated":false,"showLabel":false,"naturalOrder":0,"linkedFields":["SHIP_DATETIME"],"relatedInfos":[],"references":[]},"expression":"SHIP_DATETIME"},{"@type":"fieldMap","id":"22869850","targetField":{"@type":"field","id":62422024,"name":"FREIGHT","type":"number","uniqueName":"FREIGHT","label":"FREIGHT","parentObject":"ORDERS_ELO.csv","pcType":"HIPRECDECIMAL","precision":10,"scale":2,"columnIndex":4,"isKey":false,"isExternalId":false,"isSfIdLookup":false,"isNullable":true,"isUnique":false,"isCreateable":false,"isUpdateable":true,"isFilterable":true,"isCalculated":false,"showLabel":false,"naturalOrder":0,"linkedFields":["FREIGHT"],"relatedInfos":[],"references":[]},"expression":"FREIGHT"}],"sourceFields":[{"@type":"field","id":62422027,"name":"ORDER_ID","type":"numeric","uniqueName":"ORDER_ID","label":"ORDER_ID","parentObject":"ORDERS","pcType":"HIPRECDECIMAL","precision":10,"scale":0,"columnIndex":0,"isKey":false,"isExternalId":false,"isSfIdLookup":false,"isNullable":false,"isUnique":false,"isCreateable":false,"isUpdateable":true,"isFilterable":true,"isCalculated":false,"showLabel":false,"naturalOrder":0,"linkedFields":["ORDER_ID"],"relatedInfos":[],"references":[]},{"@type":"field","id":62422030,"name":"CUSTOMER_ID","type":"numeric","uniqueName":"CUSTOMER_ID","label":"CUSTOMER_ID","parentObject":"ORDERS","pcType":"HIPRECDECIMAL","precision":10,"scale":0,"columnIndex":1,"isKey":false,"isExternalId":false,"isSfIdLookup":false,"isNullable":false,"isUnique":false,"isCreateable":false,"isUpdateable":true,"isFilterable":true,"isCalculated":false,"showLabel":false,"naturalOrder":1,"linkedFields":["CUSTOMER_ID"],"relatedInfos":[],"references":[]},{"@type":"field","id":62422033,"name":"ORDER_DATETIME","type":"timestamp","uniqueName":"ORDER_DATETIME","label":"ORDER_DATETIME","parentObject":"ORDERS","pcType":"DATE","precision":23,"scale":3,"columnIndex":2,"isKey":false,"isExternalId":false,"isSfIdLookup":false,"isNullable":true,"isUnique":false,"isCreateable":false,"isUpdateable":true,"isFilterable":true,"isCalculated":false,"showLabel":false,"naturalOrder":2,"linkedFields":["ORDER_DATETIME"],"relatedInfos":[],"references":[]},{"@type":"field","id":62422036,"name":"SHIP_DATETIME","type":"timestamp","uniqueName":"SHIP_DATETIME","label":"SHIP_DATETIME","parentObject":"ORDERS","pcType":"DATE","precision":23,"scale":3,"columnIndex":3,"isKey":false,"isExternalId":false,"isSfIdLookup":false,"isNullable":true,"isUnique":false,"isCreateable":false,"isUpdateable":true,"isFilterable":true,"isCalculated":false,"showLabel":false,"naturalOrder":3,"linkedFields":["SHIP_DATETIME"],"relatedInfos":[],"references":[]},{"@type":"field","id":62422039,"name":"FREIGHT","type":"decimal","uniqueName":"FREIGHT","label":"FREIGHT","parentObject":"ORDERS","pcType":"HIPRECDECIMAL","precision":10,"scale":2,"columnIndex":4,"isKey":false,"isExternalId":false,"isSfIdLookup":false,"isNullable":true,"isUnique":false,"isCreateable":false,"isUpdateable":true,"isFilterable":true,"isCalculated":false,"showLabel":false,"naturalOrder":4,"linkedFields":["FREIGHT"],"relatedInfos":[],"references":[]}],"sortFields":[],"groupFields":[]}]