[{"@type":"dssTask","id":"@1","name":"ST_HERMES_CUSTOMER","description":"","maxLogs":10,"sourceConnectionId":"@lGtlPwDaziqfK3XNvgNA44","targetConnectionId":"@1BbSY2VdOeEgzVrNT1uCM7","targetObject":"CUSTOMER.csv","operation":"Insert","maxRows":0,"truncateTarget":false,"bulkApiDBTarget":false,"verbose":false,"tgtFlatFileAttrs":{"@type":"flatFileAttrs","id":17222212,"delimiter":",","textQualifier":"\"","escapeChar":"","headerLineNo":1,"firstDataRow":2},"targetMetadataUpdated":false,"modelVersion":"V3-R600","queryAll":false,"srcSettings":{"@type":"taskDataSourceSetting","isShowLabels":false,"isNaturalOrder":true},"tgtSettings":{"@type":"taskDataSourceSetting","isShowLabels":false,"isNaturalOrder":true},"cfSettings":{"@type":"taskDataSourceSetting","isShowLabels":false,"isNaturalOrder":false},"bulkApi":false,"bulkApiSerialMode":false,"bulkApiMonitor":false,"isTargetObjectSfCustom":false,"allowNullUpdates":false,"targetBatchSize":200,"assignmentRuleId":"-1","assignmentRuleType":"None","createSuccessFile":false,"bulkApiHardDelete":false,"srcRuntimeAttrs":{"@type":"taskRuntimeAttrs","attrs":{}},"tgtRuntimeAttrs":{"@type":"taskRuntimeAttrs","attrs":{}},"parameterFileEncoding":"UTF-8","sourceObjects":[{"@type":"mObject","name":"CUSTOMER","label":"CUSTOMER","metadataUpdated":false,"relations":[],"children":[]}],"advancedFilters":[],"filters":[],"fieldMaps":[{"@type":"fieldMap","id":"22811755","targetField":{"@type":"field","id":62264746,"name":"CUSTOMER_ID","type":"number","uniqueName":"CUSTOMER_ID","label":"CUSTOMER_ID","parentObject":"CUSTOMER.csv","pcType":"HIPRECDECIMAL","precision":10,"scale":0,"columnIndex":0,"isKey":false,"isExternalId":false,"isSfIdLookup":false,"isNullable":true,"isUnique":false,"isCreateable":false,"isUpdateable":true,"isFilterable":true,"isCalculated":false,"showLabel":false,"naturalOrder":0,"linkedFields":["CUSTOMER_ID"],"relatedInfos":[],"references":[]},"expression":"CUSTOMER_ID"},{"@type":"fieldMap","id":"22811758","targetField":{"@type":"field","id":62264749,"name":"NAME","type":"nstring","uniqueName":"NAME","label":"NAME","parentObject":"CUSTOMER.csv","pcType":"UNISTRING","precision":255,"scale":0,"columnIndex":1,"isKey":false,"isExternalId":false,"isSfIdLookup":false,"isNullable":true,"isUnique":false,"isCreateable":false,"isUpdateable":true,"isFilterable":true,"isCalculated":false,"showLabel":false,"naturalOrder":0,"linkedFields":["NAME"],"relatedInfos":[],"references":[]},"expression":" Upper(NAME)"},{"@type":"fieldMap","id":"22811761","targetField":{"@type":"field","id":62264752,"name":"ADDRESS","type":"nstring","uniqueName":"ADDRESS","label":"ADDRESS","parentObject":"CUSTOMER.csv","pcType":"UNISTRING","precision":60,"scale":0,"columnIndex":2,"isKey":false,"isExternalId":false,"isSfIdLookup":false,"isNullable":true,"isUnique":false,"isCreateable":false,"isUpdateable":true,"isFilterable":true,"isCalculated":false,"showLabel":false,"naturalOrder":0,"linkedFields":["ADDRESS"],"relatedInfos":[],"references":[]},"expression":"ADDRESS"},{"@type":"fieldMap","id":"22811764","targetField":{"@type":"field","id":62264755,"name":"ADDRESS2","type":"nstring","uniqueName":"ADDRESS2","label":"ADDRESS2","parentObject":"CUSTOMER.csv","pcType":"UNISTRING","precision":60,"scale":0,"columnIndex":3,"isKey":false,"isExternalId":false,"isSfIdLookup":false,"isNullable":true,"isUnique":false,"isCreateable":false,"isUpdateable":true,"isFilterable":true,"isCalculated":false,"showLabel":false,"naturalOrder":0,"linkedFields":["ADDRESS2"],"relatedInfos":[],"references":[]},"expression":"ADDRESS2"},{"@type":"fieldMap","id":"22811767","targetField":{"@type":"field","id":62264758,"name":"CITY","type":"nstring","uniqueName":"CITY","label":"CITY","parentObject":"CUSTOMER.csv","pcType":"UNISTRING","precision":30,"scale":0,"columnIndex":4,"isKey":false,"isExternalId":false,"isSfIdLookup":false,"isNullable":true,"isUnique":false,"isCreateable":false,"isUpdateable":true,"isFilterable":true,"isCalculated":false,"showLabel":false,"naturalOrder":0,"linkedFields":["CITY"],"relatedInfos":[],"references":[]},"expression":"CITY"},{"@type":"fieldMap","id":"22811770","targetField":{"@type":"field","id":62264761,"name":"STATE","type":"nstring","uniqueName":"STATE","label":"STATE","parentObject":"CUSTOMER.csv","pcType":"UNISTRING","precision":20,"scale":0,"columnIndex":5,"isKey":false,"isExternalId":false,"isSfIdLookup":false,"isNullable":true,"isUnique":false,"isCreateable":false,"isUpdateable":true,"isFilterable":true,"isCalculated":false,"showLabel":false,"naturalOrder":0,"linkedFields":["STATE"],"relatedInfos":[],"references":[]},"expression":"STATE"},{"@type":"fieldMap","id":"22811773","targetField":{"@type":"field","id":62264764,"name":"ZIPCODE","type":"nstring","uniqueName":"ZIPCODE","label":"ZIPCODE","parentObject":"CUSTOMER.csv","pcType":"UNISTRING","precision":20,"scale":0,"columnIndex":6,"isKey":false,"isExternalId":false,"isSfIdLookup":false,"isNullable":true,"isUnique":false,"isCreateable":false,"isUpdateable":true,"isFilterable":true,"isCalculated":false,"showLabel":false,"naturalOrder":0,"linkedFields":["ZIPCODE"],"relatedInfos":[],"references":[]},"expression":"ZIPCODE"},{"@type":"fieldMap","id":"22811776","targetField":{"@type":"field","id":62264767,"name":"COUNTRY","type":"nstring","uniqueName":"COUNTRY","label":"COUNTRY","parentObject":"CUSTOMER.csv","pcType":"UNISTRING","precision":20,"scale":0,"columnIndex":7,"isKey":false,"isExternalId":false,"isSfIdLookup":false,"isNullable":true,"isUnique":false,"isCreateable":false,"isUpdateable":true,"isFilterable":true,"isCalculated":false,"showLabel":false,"naturalOrder":0,"linkedFields":["COUNTRY"],"relatedInfos":[],"references":[]},"expression":"COUNTRY"},{"@type":"fieldMap","id":"22811779","targetField":{"@type":"field","id":62264770,"name":"PHONE","type":"nstring","uniqueName":"PHONE","label":"PHONE","parentObject":"CUSTOMER.csv","pcType":"UNISTRING","precision":40,"scale":0,"columnIndex":8,"isKey":false,"isExternalId":false,"isSfIdLookup":false,"isNullable":true,"isUnique":false,"isCreateable":false,"isUpdateable":true,"isFilterable":true,"isCalculated":false,"showLabel":false,"naturalOrder":0,"linkedFields":["PHONE"],"relatedInfos":[],"references":[]},"expression":"PHONE"},{"@type":"fieldMap","id":"22811782","targetField":{"@type":"field","id":62264773,"name":"EMAIL","type":"nstring","uniqueName":"EMAIL","label":"EMAIL","parentObject":"CUSTOMER.csv","pcType":"UNISTRING","precision":80,"scale":0,"columnIndex":9,"isKey":false,"isExternalId":false,"isSfIdLookup":false,"isNullable":true,"isUnique":false,"isCreateable":false,"isUpdateable":true,"isFilterable":true,"isCalculated":false,"showLabel":false,"naturalOrder":0,"linkedFields":["EMAIL"],"relatedInfos":[],"references":[]},"expression":"EMAIL"},{"@type":"fieldMap","id":"22811785","targetField":{"@type":"field","id":62264776,"name":"STATUS","type":"nstring","uniqueName":"STATUS","label":"STATUS","parentObject":"CUSTOMER.csv","pcType":"UNISTRING","precision":20,"scale":0,"columnIndex":10,"isKey":false,"isExternalId":false,"isSfIdLookup":false,"isNullable":true,"isUnique":false,"isCreateable":false,"isUpdateable":true,"isFilterable":true,"isCalculated":false,"showLabel":false,"naturalOrder":0,"linkedFields":["STATUS"],"relatedInfos":[],"references":[]},"expression":"STATUS"},{"@type":"fieldMap","id":"22811788","targetField":{"@type":"field","id":62264779,"name":"TIER","type":"number","uniqueName":"TIER","label":"TIER","parentObject":"CUSTOMER.csv","pcType":"HIPRECDECIMAL","precision":10,"scale":0,"columnIndex":11,"isKey":false,"isExternalId":false,"isSfIdLookup":false,"isNullable":true,"isUnique":false,"isCreateable":false,"isUpdateable":true,"isFilterable":true,"isCalculated":false,"showLabel":false,"naturalOrder":0,"linkedFields":["TIER"],"relatedInfos":[],"references":[]},"expression":"TIER"},{"@type":"fieldMap","id":"22811791","targetField":{"@type":"field","id":62264782,"name":"GENDER","type":"nstring","uniqueName":"GENDER","label":"GENDER","parentObject":"CUSTOMER.csv","pcType":"UNISTRING","precision":20,"scale":0,"columnIndex":12,"isKey":false,"isExternalId":false,"isSfIdLookup":false,"isNullable":true,"isUnique":false,"isCreateable":false,"isUpdateable":true,"isFilterable":true,"isCalculated":false,"showLabel":false,"naturalOrder":0,"linkedFields":["GENDER"],"relatedInfos":[],"references":[]},"expression":"GENDER"},{"@type":"fieldMap","id":"22811794","targetField":{"@type":"field","id":62264785,"name":"DOB","type":"datetime","uniqueName":"DOB","label":"DOB","parentObject":"CUSTOMER.csv","pcType":"DATE","precision":19,"scale":0,"columnIndex":13,"isKey":false,"isExternalId":false,"isSfIdLookup":false,"isNullable":true,"isUnique":false,"isCreateable":false,"isUpdateable":true,"isFilterable":true,"isCalculated":false,"showLabel":false,"naturalOrder":0,"linkedFields":["DOB"],"relatedInfos":[],"references":[]},"expression":"DOB"},{"@type":"fieldMap","id":"22811797","targetField":{"@type":"field","id":62264788,"name":"CC_TYPE","type":"nstring","uniqueName":"CC_TYPE","label":"CC_TYPE","parentObject":"CUSTOMER.csv","pcType":"UNISTRING","precision":20,"scale":0,"columnIndex":14,"isKey":false,"isExternalId":false,"isSfIdLookup":false,"isNullable":true,"isUnique":false,"isCreateable":false,"isUpdateable":true,"isFilterable":true,"isCalculated":false,"showLabel":false,"naturalOrder":0,"linkedFields":["CC_TYPE"],"relatedInfos":[],"references":[]},"expression":"CC_TYPE"},{"@type":"fieldMap","id":"22811800","targetField":{"@type":"field","id":62264791,"name":"CC_NUM","type":"nstring","uniqueName":"CC_NUM","label":"CC_NUM","parentObject":"CUSTOMER.csv","pcType":"UNISTRING","precision":20,"scale":0,"columnIndex":15,"isKey":false,"isExternalId":false,"isSfIdLookup":false,"isNullable":true,"isUnique":false,"isCreateable":false,"isUpdateable":true,"isFilterable":true,"isCalculated":false,"showLabel":false,"naturalOrder":0,"linkedFields":["CC_NUM"],"relatedInfos":[],"references":[]},"expression":"CC_NUM"},{"@type":"fieldMap","id":"22811803","targetField":{"@type":"field","id":62264794,"name":"CC_EXP_DT","type":"datetime","uniqueName":"CC_EXP_DT","label":"CC_EXP_DT","parentObject":"CUSTOMER.csv","pcType":"DATE","precision":19,"scale":0,"columnIndex":16,"isKey":false,"isExternalId":false,"isSfIdLookup":false,"isNullable":true,"isUnique":false,"isCreateable":false,"isUpdateable":true,"isFilterable":true,"isCalculated":false,"showLabel":false,"naturalOrder":0,"linkedFields":["CC_EXP_DT"],"relatedInfos":[],"references":[]},"expression":"CC_EXP_DT"},{"@type":"fieldMap","id":"22811806","targetField":{"@type":"field","id":62264797,"name":"ORG_ID","type":"number","uniqueName":"ORG_ID","label":"ORG_ID","parentObject":"CUSTOMER.csv","pcType":"HIPRECDECIMAL","precision":10,"scale":0,"columnIndex":17,"isKey":false,"isExternalId":false,"isSfIdLookup":false,"isNullable":true,"isUnique":false,"isCreateable":false,"isUpdateable":true,"isFilterable":true,"isCalculated":false,"showLabel":false,"naturalOrder":0,"linkedFields":["ORG_ID"],"relatedInfos":[],"references":[]},"expression":"ORG_ID"}],"sourceFields":[{"@type":"field","id":62264800,"name":"CUSTOMER_ID","type":"numeric","uniqueName":"CUSTOMER_ID","label":"CUSTOMER_ID","parentObject":"CUSTOMER","pcType":"HIPRECDECIMAL","precision":10,"scale":0,"columnIndex":0,"isKey":false,"isExternalId":false,"isSfIdLookup":false,"isNullable":true,"isUnique":false,"isCreateable":false,"isUpdateable":true,"isFilterable":true,"isCalculated":false,"showLabel":false,"naturalOrder":0,"linkedFields":["CUSTOMER_ID"],"relatedInfos":[],"references":[]},{"@type":"field","id":62264803,"name":"NAME","type":"varchar","uniqueName":"NAME","label":"NAME","parentObject":"CUSTOMER","pcType":"STRING","precision":60,"scale":0,"columnIndex":1,"isKey":false,"isExternalId":false,"isSfIdLookup":false,"isNullable":true,"isUnique":false,"isCreateable":false,"isUpdateable":true,"isFilterable":true,"isCalculated":false,"showLabel":false,"naturalOrder":1,"linkedFields":["NAME"],"relatedInfos":[],"references":[]},{"@type":"field","id":62264806,"name":"ADDRESS","type":"varchar","uniqueName":"ADDRESS","label":"ADDRESS","parentObject":"CUSTOMER","pcType":"STRING","precision":60,"scale":0,"columnIndex":2,"isKey":false,"isExternalId":false,"isSfIdLookup":false,"isNullable":true,"isUnique":false,"isCreateable":false,"isUpdateable":true,"isFilterable":true,"isCalculated":false,"showLabel":false,"naturalOrder":2,"linkedFields":["ADDRESS"],"relatedInfos":[],"references":[]},{"@type":"field","id":62264809,"name":"ADDRESS2","type":"varchar","uniqueName":"ADDRESS2","label":"ADDRESS2","parentObject":"CUSTOMER","pcType":"STRING","precision":60,"scale":0,"columnIndex":3,"isKey":false,"isExternalId":false,"isSfIdLookup":false,"isNullable":true,"isUnique":false,"isCreateable":false,"isUpdateable":true,"isFilterable":true,"isCalculated":false,"showLabel":false,"naturalOrder":3,"linkedFields":["ADDRESS2"],"relatedInfos":[],"references":[]},{"@type":"field","id":62264812,"name":"CITY","type":"varchar","uniqueName":"CITY","label":"CITY","parentObject":"CUSTOMER","pcType":"STRING","precision":30,"scale":0,"columnIndex":4,"isKey":false,"isExternalId":false,"isSfIdLookup":false,"isNullable":true,"isUnique":false,"isCreateable":false,"isUpdateable":true,"isFilterable":true,"isCalculated":false,"showLabel":false,"naturalOrder":4,"linkedFields":["CITY"],"relatedInfos":[],"references":[]},{"@type":"field","id":62264815,"name":"STATE","type":"varchar","uniqueName":"STATE","label":"STATE","parentObject":"CUSTOMER","pcType":"STRING","precision":20,"scale":0,"columnIndex":5,"isKey":false,"isExternalId":false,"isSfIdLookup":false,"isNullable":true,"isUnique":false,"isCreateable":false,"isUpdateable":true,"isFilterable":true,"isCalculated":false,"showLabel":false,"naturalOrder":5,"linkedFields":["STATE"],"relatedInfos":[],"references":[]},{"@type":"field","id":62264818,"name":"ZIPCODE","type":"varchar","uniqueName":"ZIPCODE","label":"ZIPCODE","parentObject":"CUSTOMER","pcType":"STRING","precision":20,"scale":0,"columnIndex":6,"isKey":false,"isExternalId":false,"isSfIdLookup":false,"isNullable":true,"isUnique":false,"isCreateable":false,"isUpdateable":true,"isFilterable":true,"isCalculated":false,"showLabel":false,"naturalOrder":6,"linkedFields":["ZIPCODE"],"relatedInfos":[],"references":[]},{"@type":"field","id":62264821,"name":"COUNTRY","type":"varchar","uniqueName":"COUNTRY","label":"COUNTRY","parentObject":"CUSTOMER","pcType":"STRING","precision":20,"scale":0,"columnIndex":7,"isKey":false,"isExternalId":false,"isSfIdLookup":false,"isNullable":true,"isUnique":false,"isCreateable":false,"isUpdateable":true,"isFilterable":true,"isCalculated":false,"showLabel":false,"naturalOrder":7,"linkedFields":["COUNTRY"],"relatedInfos":[],"references":[]},{"@type":"field","id":62264824,"name":"PHONE","type":"varchar","uniqueName":"PHONE","label":"PHONE","parentObject":"CUSTOMER","pcType":"STRING","precision":40,"scale":0,"columnIndex":8,"isKey":false,"isExternalId":false,"isSfIdLookup":false,"isNullable":true,"isUnique":false,"isCreateable":false,"isUpdateable":true,"isFilterable":true,"isCalculated":false,"showLabel":false,"naturalOrder":8,"linkedFields":["PHONE"],"relatedInfos":[],"references":[]},{"@type":"field","id":62264827,"name":"EMAIL","type":"varchar","uniqueName":"EMAIL","label":"EMAIL","parentObject":"CUSTOMER","pcType":"STRING","precision":80,"scale":0,"columnIndex":9,"isKey":false,"isExternalId":false,"isSfIdLookup":false,"isNullable":true,"isUnique":false,"isCreateable":false,"isUpdateable":true,"isFilterable":true,"isCalculated":false,"showLabel":false,"naturalOrder":9,"linkedFields":["EMAIL"],"relatedInfos":[],"references":[]},{"@type":"field","id":62264830,"name":"STATUS","type":"varchar","uniqueName":"STATUS","label":"STATUS","parentObject":"CUSTOMER","pcType":"STRING","precision":20,"scale":0,"columnIndex":10,"isKey":false,"isExternalId":false,"isSfIdLookup":false,"isNullable":true,"isUnique":false,"isCreateable":false,"isUpdateable":true,"isFilterable":true,"isCalculated":false,"showLabel":false,"naturalOrder":10,"linkedFields":["STATUS"],"relatedInfos":[],"references":[]},{"@type":"field","id":62264833,"name":"TIER","type":"numeric","uniqueName":"TIER","label":"TIER","parentObject":"CUSTOMER","pcType":"HIPRECDECIMAL","precision":10,"scale":0,"columnIndex":11,"isKey":false,"isExternalId":false,"isSfIdLookup":false,"isNullable":true,"isUnique":false,"isCreateable":false,"isUpdateable":true,"isFilterable":true,"isCalculated":false,"showLabel":false,"naturalOrder":11,"linkedFields":["TIER"],"relatedInfos":[],"references":[]},{"@type":"field","id":62264836,"name":"GENDER","type":"varchar","uniqueName":"GENDER","label":"GENDER","parentObject":"CUSTOMER","pcType":"STRING","precision":20,"scale":0,"columnIndex":12,"isKey":false,"isExternalId":false,"isSfIdLookup":false,"isNullable":true,"isUnique":false,"isCreateable":false,"isUpdateable":true,"isFilterable":true,"isCalculated":false,"showLabel":false,"naturalOrder":12,"linkedFields":["GENDER"],"relatedInfos":[],"references":[]},{"@type":"field","id":62264839,"name":"DOB","type":"timestamp","uniqueName":"DOB","label":"DOB","parentObject":"CUSTOMER","pcType":"DATE","precision":23,"scale":3,"columnIndex":13,"isKey":false,"isExternalId":false,"isSfIdLookup":false,"isNullable":true,"isUnique":false,"isCreateable":false,"isUpdateable":true,"isFilterable":true,"isCalculated":false,"showLabel":false,"naturalOrder":13,"linkedFields":["DOB"],"relatedInfos":[],"references":[]},{"@type":"field","id":62264842,"name":"CC_TYPE","type":"varchar","uniqueName":"CC_TYPE","label":"CC_TYPE","parentObject":"CUSTOMER","pcType":"STRING","precision":20,"scale":0,"columnIndex":14,"isKey":false,"isExternalId":false,"isSfIdLookup":false,"isNullable":true,"isUnique":false,"isCreateable":false,"isUpdateable":true,"isFilterable":true,"isCalculated":false,"showLabel":false,"naturalOrder":14,"linkedFields":["CC_TYPE"],"relatedInfos":[],"references":[]},{"@type":"field","id":62264845,"name":"CC_NUM","type":"varchar","uniqueName":"CC_NUM","label":"CC_NUM","parentObject":"CUSTOMER","pcType":"STRING","precision":20,"scale":0,"columnIndex":15,"isKey":false,"isExternalId":false,"isSfIdLookup":false,"isNullable":true,"isUnique":false,"isCreateable":false,"isUpdateable":true,"isFilterable":true,"isCalculated":false,"showLabel":false,"naturalOrder":15,"linkedFields":["CC_NUM"],"relatedInfos":[],"references":[]},{"@type":"field","id":62264848,"name":"CC_EXP_DT","type":"timestamp","uniqueName":"CC_EXP_DT","label":"CC_EXP_DT","parentObject":"CUSTOMER","pcType":"DATE","precision":23,"scale":3,"columnIndex":16,"isKey":false,"isExternalId":false,"isSfIdLookup":false,"isNullable":true,"isUnique":false,"isCreateable":false,"isUpdateable":true,"isFilterable":true,"isCalculated":false,"showLabel":false,"naturalOrder":16,"linkedFields":["CC_EXP_DT"],"relatedInfos":[],"references":[]},{"@type":"field","id":62264851,"name":"ORG_ID","type":"numeric","uniqueName":"ORG_ID","label":"ORG_ID","parentObject":"CUSTOMER","pcType":"HIPRECDECIMAL","precision":10,"scale":0,"columnIndex":17,"isKey":false,"isExternalId":false,"isSfIdLookup":false,"isNullable":true,"isUnique":false,"isCreateable":false,"isUpdateable":true,"isFilterable":true,"isCalculated":false,"showLabel":false,"naturalOrder":17,"linkedFields":["ORG_ID"],"relatedInfos":[],"references":[]}],"sortFields":[],"groupFields":[]}]