[{"@type":"mappingTemplate","id":"@1","name":"m_MelhoriaIndicadoresAdocao","description":"","autoExpireObject":false,"bundleVersion":"0","assetFrsGuid":"iPecEKcDxKBbBUPB1cFrcH","templateId":"@3","deployTime":1749669149000,"hasParameters":false,"valid":true,"fixedConnection":true,"hasParametersDeployed":false,"fixedConnectionDeployed":true,"isSchemaValidationEnabled":false,"tasks":2,"mappingPreviewFileRecordId":"@2","documentType":"MAPPING","allowMaxFieldLength":false,"references":[{"@type":"reference","refObjectId":"@aq8w7IdfRqRbEiOTrVPBMt","refType":"connection"}]}]