[{"@type":"mappingTemplate","id":"@1","name":"m_Carga_TB_BENEFICIARIOS","description":"","bundleVersion":"0","templateId":"@3","deployTime":1599606451000,"hasParameters":false,"valid":true,"fixedConnection":true,"hasParametersDeployed":false,"fixedConnectionDeployed":true,"tasks":0,"mappingPreviewFileRecordId":"@2","documentType":"","references":[{"@type":"reference","refObjectId":"@6EegSEzE9lygAdFPFA8GmW","refType":"connection"},{"@type":"reference","refObjectId":"@3YqOVkOnMkdjmIXpJLXu8B","refType":"connection"}]}]