[{"@type":"mappingTemplate","id":"@1","name":"m_MelhoriaIndicadoresAdocao","description":"","bundleVersion":"0","templateId":"@3","deployTime":1698255827000,"hasParameters":false,"valid":true,"fixedConnection":true,"hasParametersDeployed":false,"fixedConnectionDeployed":true,"isSchemaValidationEnabled":false,"tasks":0,"mappingPreviewFileRecordId":"@2","documentType":"MAPPING","references":[{"@type":"reference","refObjectId":"@278ZppdhN4meF4fJ0kBfet","refType":"connection"},{"@type":"reference","refObjectId":"@502LmwpPlogcHIUhYWVy46","refType":"connection"}]}]